{
  "eye": {
    "orientation": [
      -0.0718906819820404,
      0.026186631992459297,
      -0.002063713502138853,
      0.9970666170120239
    ],
    "magnitude": 0.5773502588272095,
    "position": [
      42.82293701171875,
      127.14485168457031,
      838.8181762695312
    ]
  },
  "paths": [],
  "ortho": false,
  "radius": 1000,
  "visualHints": 0
}